timestamp,open,high,low,close,volume,netflow_total,exchange_whale_ratio,funding_rates,average_dormancy,sa_average_dormancy
2024-01-01,42283.5800000000,44184.1000000000,42180.7700000000,44179.5500000000,27174.2990300000,-2621.9584077100,0.3870688400,0.0357754200,7.2003573100,0.0000003700
2024-01-02,44179.5500000000,45879.6300000000,44148.3400000000,44946.9100000000,65146.4066100000,3114.3620726300,0.1680907100,0.0503623000,13.9680448800,0.0000007100
2024-01-03,44946.9100000000,45500.0000000000,40750.0000000000,42845.2300000000,81194.5517300000,4132.2286661700,0.3620234800,0.0146090100,12.5494279700,0.0000006400
2024-01-04,42845.2300000000,44729.5800000000,42613.7700000000,44151.1000000000,48038.0633400000,-277.1655053100,0.2073125900,0.0100000000,64.3941320100,0.0000032900
2024-01-05,44151.1000000000,44357.4600000000,42450.0000000000,44145.1100000000,48075.2532700000,-79.6147775900,0.2559949400,0.0100000000,11.2285536800,0.0000005700
2024-01-06,44145.1200000000,44214.4200000000,43397.0500000000,43968.3200000000,17835.0614400000,2374.7367698100,0.4144535500,0.0100000000,6.7540349100,0.0000003400
2024-01-07,43968.3200000000,44480.5900000000,43572.0900000000,43929.0200000000,23023.8508000000,270.7662094300,0.3439721100,0.0100000000,8.0998004400,0.0000004100
2024-01-08,43929.0100000000,47248.9900000000,43175.0000000000,46951.0400000000,72814.5758900000,1330.9557937500,0.2808671000,0.0100000000,10.0595274400,0.0000005100
2024-01-09,46951.0400000000,47972.0000000000,44748.6700000000,46110.0000000000,69927.6661700000,-102.2904195900,0.1915278800,0.0100000000,11.6144789400,0.0000005900
2024-01-10,46110.0000000000,47695.9300000000,44300.3600000000,46653.9900000000,89911.4120300000,2550.3135387800,0.2187563300,0.0100000000,8.2627944400,0.0000004200
2024-01-11,46654.0000000000,48969.4800000000,45606.0600000000,46339.1600000000,87470.3296000000,3442.7608051600,0.3167023100,0.0100000000,9.8709169300,0.0000005000
2024-01-12,46339.1600000000,46515.5300000000,41500.0000000000,42782.7300000000,86327.9370700000,6126.8787588600,0.2614078200,0.0108565200,8.5757794300,0.0000004400
2024-01-13,42782.7400000000,43257.0000000000,42436.1200000000,42847.9900000000,36118.4746400000,-1975.5649288600,0.3021113700,0.0100000000,5.7607270100,0.0000002900
2024-01-14,42847.9900000000,43079.0000000000,41720.0000000000,41732.3500000000,28228.4089400000,-957.8288007900,0.3400731000,0.0100000000,12.0300121900,0.0000006100
2024-01-15,41732.3500000000,43400.4300000000,41718.0500000000,42511.1000000000,40269.8930300000,2905.1482714600,0.2974971600,0.0100000000,9.1955667100,0.0000004700
2024-01-16,42511.1000000000,43578.0100000000,42050.0000000000,43137.9500000000,45045.7458900000,-3220.8305891500,0.2653042100,0.0100000000,113.6970641900,0.0000058000
2024-01-17,43137.9400000000,43198.0000000000,42200.6900000000,42776.1000000000,33266.2138800000,1274.1695153500,0.2509867600,0.0100000000,20.8531992600,0.0000010600
2024-01-18,42776.0900000000,42930.0000000000,40683.2800000000,41327.5000000000,43907.5164100000,1363.6899522900,0.2539201500,0.0100000000,19.3692528400,0.0000009900
2024-01-19,41327.5100000000,42196.8600000000,40280.0000000000,41659.0300000000,48342.7455900000,915.4172095200,0.2198011600,0.0100000000,17.6322427600,0.0000009000
2024-01-20,41659.0300000000,41872.5600000000,41456.3000000000,41696.0400000000,15923.9949300000,-299.1541701600,0.3037066900,0.0100000000,5.9849751500,0.0000003100
2024-01-21,41696.0500000000,41881.3900000000,41500.9800000000,41580.3300000000,11730.1630100000,-1375.3474133200,0.3851763400,0.0100000000,4.5221218500,0.0000002300
2024-01-22,41580.3200000000,41689.6500000000,39431.5800000000,39568.0200000000,55426.1991100000,787.5593219200,0.2770468700,0.0100000000,23.7611304300,0.0000012100
2024-01-23,39568.0200000000,40176.7400000000,38555.0000000000,39897.6000000000,57956.6335100000,1120.1719599600,0.2040275300,0.0100000000,22.9943376700,0.0000011700
2024-01-24,39897.5900000000,40555.0000000000,39484.1900000000,40084.8800000000,39293.8286100000,374.0838830100,0.2679859600,0.0100000000,52.0796775000,0.0000026600
2024-01-25,40084.8900000000,40300.2400000000,39550.0000000000,39961.0900000000,31022.1185300000,-127.3899629600,0.2273065600,0.0100000000,25.9183881400,0.0000013200
2024-01-26,39961.0900000000,42246.8200000000,39822.5200000000,41823.5100000000,47384.9672600000,-2520.2856899300,0.3125965400,0.0098467400,15.5747300300,0.0000007900
2024-01-27,41823.5100000000,42200.0000000000,41394.3400000000,42120.6300000000,16224.4166700000,-1270.3327757100,0.3405654500,0.0097090900,7.6781406000,0.0000003900
2024-01-28,42120.6300000000,42842.6800000000,41620.8100000000,42031.0600000000,27294.9983800000,64.4516282300,0.3580972400,0.0083305500,6.6162009200,0.0000003400
2024-01-29,42031.0500000000,43333.0000000000,41804.8800000000,43302.7000000000,31542.7420700000,1211.5979725000,0.3424655200,0.0098372500,15.0531290500,0.0000007700
2024-01-30,43302.7100000000,43882.3600000000,42683.9900000000,42941.1000000000,37619.2454600000,-3535.6753644600,0.3766967000,0.0067281200,19.2387334800,0.0000009800
2024-01-31,42941.1000000000,43745.1100000000,42276.8400000000,42580.0000000000,39871.1368800000,-538.4497201100,0.2248242100,0.0093797100,14.5935113700,0.0000007400
2024-02-01,42580.0000000000,43285.1300000000,41884.2800000000,43082.9400000000,35231.0466400000,3479.1258164100,0.2930120000,0.0100000000,10.5690754600,0.0000005400
2024-02-02,43082.9500000000,43488.0000000000,42546.7900000000,43200.0000000000,29672.1441800000,-3312.4443361800,0.2594754400,0.0090289600,15.5029519600,0.0000007900
2024-02-03,43199.9900000000,43380.0100000000,42880.0000000000,43011.0900000000,12033.4099800000,-10.7031622200,0.3288848400,0.0093206100,3.5319803000,0.0000001800
2024-02-04,43011.1000000000,43119.0400000000,42222.0000000000,42582.8800000000,17066.8940400000,1267.1897094700,0.3341616100,0.0093533300,12.5924387700,0.0000006400
2024-02-05,42582.8800000000,43569.7600000000,42258.1000000000,42708.7000000000,29467.7590500000,2895.1455557200,0.3169667300,0.0099586400,13.6420266900,0.0000007000
2024-02-06,42708.7000000000,43399.9800000000,42574.0000000000,43098.9500000000,24675.8543300000,-502.2972770600,0.2329426300,0.0091614000,28.8662490300,0.0000014700
2024-02-07,43098.9600000000,44396.5000000000,42788.0000000000,44349.6000000000,34392.5991500000,-4965.9481277500,0.2413686400,0.0078610800,11.4779615400,0.0000005800
2024-02-08,44349.6000000000,45614.3000000000,44331.1000000000,45288.6500000000,45439.6223100000,-5702.8737164400,0.2633461100,0.0054629900,8.7736679500,0.0000004500
2024-02-09,45288.6600000000,48200.0000000000,45242.1200000000,47132.7700000000,73503.4810000000,-2951.8011327900,0.2310938700,0.0074458100,9.4193081500,0.0000004800
2024-02-10,47132.7800000000,48170.0000000000,46800.0000000000,47751.0900000000,24802.3593600000,276.7379406000,0.2808407100,0.0099721200,9.3631125600,0.0000004800
2024-02-11,47751.0800000000,48592.6600000000,47557.1600000000,48299.9900000000,29958.8083700000,3894.8167766000,0.4717966000,0.0100000000,9.8519181400,0.0000005000
2024-02-12,48300.0000000000,50334.8200000000,47710.0100000000,49917.2700000000,59009.9670500000,-131.9847811100,0.2156621400,0.0100000000,14.3303557500,0.0000007300
2024-02-13,49917.2800000000,50368.6100000000,48300.9500000000,49699.5900000000,55551.5670600000,-6192.5632764700,0.2137841400,0.0100000000,10.0281799300,0.0000005100
2024-02-14,49699.6000000000,52043.7100000000,49225.0100000000,51795.1700000000,57046.3740100000,-304.3764311900,0.3861952700,0.0103245200,19.3524058600,0.0000009900
2024-02-15,51795.1700000000,52816.6200000000,51314.0000000000,51880.0000000000,53816.0305500000,-7113.8013484000,0.2040290900,0.0100000000,14.9289570900,0.0000007600
2024-02-16,51880.0100000000,52572.0800000000,51566.0000000000,52124.1100000000,37772.2531800000,-2752.3767521100,0.2144624800,0.0113872300,15.4905099300,0.0000007900
2024-02-17,52124.1000000000,52162.8200000000,50625.0000000000,51642.6400000000,25674.0062200000,271.6826443600,0.3588217900,0.0126526600,10.0045819100,0.0000005100
2024-02-18,51642.6400000000,52377.0000000000,51163.2800000000,52137.6700000000,21992.1036300000,789.9637148700,0.4239475000,0.0163462300,8.8084096400,0.0000004500
2024-02-19,52137.6800000000,52488.7700000000,51677.0000000000,51774.7300000000,29534.9943200000,-518.9445997200,0.2863895200,0.0161910800,49.4456110500,0.0000025200
2024-02-20,51774.7400000000,52985.0000000000,50760.3700000000,52258.8200000000,49614.4731800000,-75.5627167800,0.3626396100,0.0131882200,9.2388135400,0.0000004700
2024-02-21,52258.8200000000,52366.8000000000,50625.0000000000,51849.3900000000,43079.4004900000,4537.3306406800,0.4373339300,0.0102780600,12.8690020100,0.0000006600
2024-02-22,51849.3800000000,52065.7800000000,50940.7800000000,51288.4200000000,35309.4457400000,-297.5045532900,0.3342171000,0.0116370300,21.9811798800,0.0000011200
2024-02-23,51288.4200000000,51548.5400000000,50521.0000000000,50744.1500000000,30545.7954400000,1177.7571478200,0.3292825800,0.0118724300,18.8973158700,0.0000009600
2024-02-24,50744.1500000000,51698.0000000000,50585.0000000000,51568.2200000000,16560.4211000000,-186.1582351400,0.2820324300,0.0100333200,8.5841196500,0.0000004400
2024-02-25,51568.2100000000,51958.5500000000,51279.8000000000,51728.8500000000,18721.6315900000,-915.9636132200,0.2620195300,0.0154048600,9.0052864700,0.0000004600
2024-02-26,51728.8500000000,54910.0000000000,50901.4400000000,54476.4700000000,51256.7219900000,-7621.5652074500,0.2505523200,0.0257408600,11.6478946200,0.0000005900
2024-02-27,54476.4800000000,57588.1500000000,54450.1300000000,57037.3400000000,67194.9856200000,1840.1177189400,0.2067981300,0.0454372500,15.0541579900,0.0000007700
2024-02-28,57037.3500000000,64000.0000000000,56691.8500000000,62432.1000000000,118763.4698400000,2095.6958689900,0.1659929800,0.0511224400,31.4437050300,0.0000016000
2024-02-29,62432.1100000000,63676.3500000000,60364.7000000000,61130.9800000000,78425.0760300000,-563.9551211300,0.2396773000,0.0732818000,22.7963766500,0.0000011600
2024-03-01,61130.9900000000,63114.2300000000,60777.0000000000,62387.9000000000,47737.9347300000,-2103.5753449400,0.2516934300,0.0558786400,56.8908021400,0.0000029000
2024-03-02,62387.9000000000,62433.1900000000,61561.1200000000,61987.2800000000,25534.7365900000,456.7649315100,0.3196307400,0.0565211800,10.5826281400,0.0000005400
2024-03-03,61987.2800000000,63231.8800000000,61320.0000000000,63113.9700000000,28994.9090300000,-135.8029076400,0.2987417100,0.0478980800,11.7661787800,0.0000006000
2024-03-04,63113.9700000000,68499.0000000000,62300.0000000000,68245.7100000000,84835.1600500000,-540.1432615600,0.2160202200,0.0625059900,23.0082914500,0.0000011700
2024-03-05,68245.7100000000,69000.0000000000,59005.0000000000,63724.0100000000,132696.7813000000,4875.4977688400,0.2024995100,0.0788738700,27.1650863100,0.0000013800
2024-03-06,63724.0100000000,67641.1000000000,62779.1400000000,66074.0400000000,78738.8549100000,2643.8020030900,0.1941103600,0.0384047600,48.8519536900,0.0000024900
2024-03-07,66074.0400000000,67980.0000000000,65551.0000000000,66823.1700000000,53059.8869000000,-79.2363027600,0.3076083400,0.0443756600,26.9912751000,0.0000013700
2024-03-08,66823.1800000000,69990.0000000000,66082.6600000000,68124.1900000000,74261.9328420000,-3674.6328735100,0.3054779300,0.0435441000,24.8551302900,0.0000012600
2024-03-09,68124.2000000000,68541.1000000000,67861.1000000000,68313.2700000000,19872.8974300000,-792.0349157900,0.3118714600,0.0290188200,15.3874911700,0.0000007800
2024-03-10,68313.2800000000,69887.6100000000,68094.7500000000,68955.8800000000,38404.6683500000,1276.7273665500,0.4075369200,0.0545458400,28.2330792900,0.0000014400
2024-03-11,68955.8800000000,72800.0000000000,67024.9600000000,72078.1000000000,75292.8257260000,6175.2485657900,0.2783615500,0.0637480500,20.5707954200,0.0000010500
2024-03-12,72078.1000000000,73000.0000000000,68620.8200000000,71452.0100000000,68783.5466910000,1235.9609356400,0.2837373600,0.0474711400,15.1825553100,0.0000007700
2024-03-13,71452.0000000000,73650.2500000000,71333.3100000000,73072.4100000000,52659.7116470000,-3233.1544221500,0.2534665400,0.0478073300,20.2069578000,0.0000010300
2024-03-14,73072.4000000000,73777.0000000000,68555.0000000000,71388.9400000000,71757.6287460000,-2334.5632604500,0.3574564700,0.0374199100,29.3477389000,0.0000014900
2024-03-15,71388.9400000000,72419.7100000000,65600.0000000000,69499.8500000000,103334.0354600000,-4530.4371039900,0.3626592900,0.0200706400,14.5987842700,0.0000007400
2024-03-16,69499.8400000000,70043.0000000000,64780.0000000000,65300.6300000000,55926.9533600000,2118.6891136400,0.2704397500,0.0197725000,11.5512810500,0.0000005900
2024-03-17,65300.6400000000,68904.4000000000,64533.0000000000,68393.4800000000,49742.2158900000,495.8376774700,0.2977536500,0.0199530800,53.9840836800,0.0000027500
2024-03-18,68393.4700000000,68956.0000000000,66565.2000000000,67609.9900000000,55691.0808800000,-1732.6233955800,0.3218054700,0.0284776900,17.3123656200,0.0000008800
2024-03-19,67610.0000000000,68124.1100000000,61555.0000000000,61937.4000000000,101005.3248700000,5452.6209541100,0.3309185400,0.0231769500,11.9820227500,0.0000006100
2024-03-20,61937.4100000000,68100.0000000000,60775.0000000000,67840.5100000000,90420.5859200000,-1908.6555496300,0.2728059100,0.0170092500,13.0750508000,0.0000006700
2024-03-21,67840.5100000000,68240.4700000000,64529.0100000000,65501.2700000000,53357.4800200000,1088.5041453300,0.3805522200,0.0191554900,29.2629790700,0.0000014900
2024-03-22,65501.2800000000,66649.6200000000,62260.0000000000,63796.6400000000,51482.3782100000,-2128.7048351000,0.3523213100,0.0112868000,42.8251503100,0.0000021800
2024-03-23,63796.6400000000,65999.0000000000,63000.0000000000,63990.0100000000,26410.1140900000,-924.1904509600,0.4282892200,0.0114912000,227.6840291400,0.0000115800
2024-03-24,63990.0200000000,67628.6900000000,63772.2900000000,67209.9900000000,31395.7801500000,-591.1014960300,0.3900544500,0.0162025100,23.4985432100,0.0000012000
2024-03-25,67210.0000000000,71150.0000000000,66385.0600000000,69880.0100000000,53431.1448600000,-625.1178035500,0.3154265400,0.0246894400,56.0582283700,0.0000028500
2024-03-26,69880.0000000000,71561.1000000000,69280.0000000000,69988.0000000000,38934.3841700000,3781.4192653000,0.3020676000,0.0258169000,22.2452441900,0.0000011300
2024-03-27,69987.9900000000,71769.5400000000,68359.1800000000,69469.9900000000,49119.3568500000,2286.5462087400,0.2977724400,0.0327990500,12.1092525200,0.0000006200
2024-03-28,69469.9900000000,71552.0600000000,68903.6200000000,70780.6000000000,35439.0323900000,-1913.6565072400,0.3083853400,0.0271968000,42.2130701100,0.0000021500
2024-03-29,70780.6000000000,70916.1600000000,69009.0000000000,69850.5400000000,25445.0835300000,1429.1610774900,0.3038307600,0.0254267400,9.6566603100,0.0000004900
2024-03-30,69850.5300000000,70321.1000000000,69540.0000000000,69582.1800000000,13644.6114200000,1105.6283305400,0.2591517900,0.0318858900,11.1162432500,0.0000005700
2024-03-31,69582.1700000000,71366.0000000000,69562.9900000000,71280.0100000000,19396.3443300000,391.7888994000,0.3539382400,0.0448261700,17.7919624700,0.0000009000
2024-04-01,71280.0000000000,71288.2300000000,68062.8600000000,69649.8000000000,41445.3203900000,-1013.4448289500,0.3553823100,0.0351702100,57.4701179600,0.0000029200
2024-04-02,69649.8100000000,69674.2300000000,64550.0000000000,65463.9900000000,71799.8279300000,-1992.7373200100,0.3589286300,0.0127531800,24.8554291800,0.0000012600
2024-04-03,65463.9900000000,66903.6300000000,64493.0700000000,65963.2800000000,39887.2177800000,-2036.6959302400,0.4141678200,0.0100000000,11.0234754900,0.0000005600
2024-04-04,65963.2700000000,69309.9100000000,65064.5200000000,68487.7900000000,41510.4845300000,-3947.3490138100,0.2705851700,0.0100000000,11.0924695800,0.0000005600
2024-04-05,68487.8000000000,68756.6700000000,65952.5600000000,67820.6200000000,37915.2307300000,921.6923767100,0.5430953100,0.0100000000,6.3385634500,0.0000003200
2024-04-06,67820.6300000000,69692.0000000000,67447.8300000000,68896.0000000000,20134.2891900000,-448.8997803000,0.3472924000,0.0100000000,12.1981002600,0.0000006200
2024-04-07,68896.0000000000,70326.2900000000,68824.0000000000,69360.3900000000,21534.7443300000,976.7314819700,0.3293031300,0.0100000000,9.5760140500,0.0000004900
2024-04-08,69360.3800000000,72797.9900000000,69043.2400000000,71620.0000000000,45723.8762400000,2484.3374458900,0.2943964000,0.0202846000,9.7602052800,0.0000005000
2024-04-09,71620.0000000000,71758.1900000000,68210.0000000000,69146.0000000000,39293.9024200000,2542.6347050200,0.4723934800,0.0197070300,14.2003389100,0.0000007200
2024-04-10,69146.0000000000,71172.0800000000,67518.0000000000,70631.0800000000,42006.0237700000,-307.7975469900,0.4644799200,0.0134166700,10.1135621100,0.0000005100
2024-04-11,70631.0800000000,71305.8900000000,69567.2100000000,70006.2300000000,31917.2559500000,-1036.2611510700,0.4284402900,0.0191333700,8.0434832200,0.0000004100
2024-04-12,70006.2200000000,71227.4600000000,65086.8600000000,67116.5200000000,56072.8622900000,3311.9216826000,0.2916460700,0.0183834800,11.6473469600,0.0000005900
2024-04-13,67116.5200000000,67929.0000000000,60660.5700000000,63924.5100000000,71395.2201900000,609.0444524100,0.3306780000,0.0100000000,8.0607948800,0.0000004100
2024-04-14,63924.5200000000,65840.0000000000,62134.0000000000,65661.8400000000,61599.1781800000,2412.5908142400,0.3594305400,0.0100000000,9.8866415700,0.0000005000
2024-04-15,65661.8500000000,66867.0700000000,62274.4000000000,63419.9900000000,52389.5306900000,-1263.1716843400,0.4070776300,0.0068736300,10.5304685500,0.0000005300
2024-04-16,63419.9900000000,64365.0000000000,61600.0000000000,63793.3900000000,53435.2933100000,2527.2745841800,0.3866347300,0.0070393000,23.9009522900,0.0000012100
2024-04-17,63793.4000000000,64499.0000000000,59678.1600000000,61277.3700000000,50610.5450900000,-1498.8028275700,0.4214054200,0.0055732600,8.9618641200,0.0000004600
2024-04-18,61277.3800000000,64117.0900000000,60803.3500000000,63470.0800000000,43601.6091800000,-2465.7839401600,0.7715683700,0.0023665500,21.2617730300,0.0000010800
2024-04-19,63470.0900000000,65450.0000000000,59600.0100000000,63818.0100000000,69774.3027100000,646.7456473400,0.3407289800,0.0055473700,14.4649491500,0.0000007300
2024-04-20,63818.0100000000,65419.0000000000,63090.0700000000,64940.5900000000,23137.4297500000,-565.6377555800,0.5019966800,0.0038141100,6.7391507900,0.0000003400
2024-04-21,64940.5800000000,65695.5600000000,64237.5000000000,64941.1500000000,19316.4215200000,-761.9268181800,0.4877320500,0.0040828800,7.3220713400,0.0000003700
2024-04-22,64941.1500000000,67232.3500000000,64500.0000000000,66819.3200000000,31397.9937100000,-3899.6893561400,0.4302917100,0.0019974100,8.2098536300,0.0000004200
2024-04-23,66819.3200000000,67183.0100000000,65765.8100000000,66414.0000000000,22599.9000400000,-2358.3071582100,0.6199811100,0.0021574100,11.1446231600,0.0000005700
2024-04-24,66414.0000000000,67070.4300000000,63606.0600000000,64289.5900000000,33595.6963700000,9210.1434862400,0.3012734800,0.0054198000,28.5247896600,0.0000014500
2024-04-25,64289.5800000000,65297.9400000000,62794.0000000000,64498.3400000000,31341.4633800000,-924.2907526000,0.3350396800,0.0034451100,11.2221779300,0.0000005700
2024-04-26,64498.3300000000,64820.0100000000,63297.4800000000,63770.0100000000,27085.1934600000,-1499.2283611100,0.3557138300,0.0052252100,9.4009327300,0.0000004800
2024-04-27,63770.0000000000,63923.4100000000,62391.2400000000,63461.9800000000,20933.0605200000,1059.2053681300,0.3476923500,0.0051250700,16.1971295600,0.0000008200
2024-04-28,63461.9800000000,64370.0000000000,62781.0000000000,63118.6200000000,16949.2000500000,2190.0212523400,0.2644452100,0.0006824500,12.5411643200,0.0000006400
2024-04-29,63118.6200000000,64228.3500000000,61765.5300000000,63866.0000000000,28150.2294700000,-640.6641531100,0.3948422700,0.0048765000,11.6487390300,0.0000005900
2024-04-30,63866.0000000000,64734.0000000000,59191.6000000000,60672.0000000000,54947.6553500000,6488.8837220300,0.4151199900,0.0099604000,15.8650966100,0.0000008100
2024-05-01,60672.0100000000,60841.6300000000,56552.8200000000,58364.9700000000,81166.4682300000,76.4889656600,0.3081876300,0.0086564900,11.0086691500,0.0000005600
2024-05-02,58364.9700000000,59625.0000000000,56911.8400000000,59060.6100000000,47583.8196100000,1071.4883763400,0.2940654900,0.0021943000,10.8063248400,0.0000005500
2024-05-03,59060.6000000000,63333.0000000000,58811.3200000000,62882.0100000000,43628.4014300000,-3555.6158163500,0.3073547000,0.0014833200,13.3391962500,0.0000006800
2024-05-04,62882.0100000000,64540.0000000000,62541.0300000000,63892.0400000000,24368.6928200000,236.6780822200,0.4115640800,0.0071385200,6.7138074400,0.0000003400
2024-05-05,63892.0300000000,64646.0000000000,62822.1700000000,64012.0000000000,18526.7502900000,-718.0569032400,0.4228514300,0.0019399100,5.7147507000,0.0000002900
2024-05-06,64012.0000000000,65500.0000000000,62700.0000000000,63165.1900000000,34674.9194900000,-1104.4745508900,0.3857324900,0.0033388700,14.6407045400,0.0000007400
2024-05-07,63165.1800000000,64422.4100000000,62261.0000000000,62312.0800000000,25598.7947200000,797.7017432500,0.3506708100,0.0057255200,6.9889557400,0.0000003500
2024-05-08,62312.0700000000,63020.2200000000,60888.0000000000,61193.0300000000,26121.1900400000,531.9540537400,0.3981361300,0.0082118800,10.9038359600,0.0000005500
2024-05-09,61193.0300000000,63429.0300000000,60630.0000000000,63074.0100000000,30660.8061000000,-1674.3784039400,0.3869647100,0.0040553100,7.4786584200,0.0000003800
2024-05-10,63074.0000000000,63469.1300000000,60187.1200000000,60799.9900000000,36529.3402500000,1626.7922973600,0.3663092200,0.0061553000,6.6458538500,0.0000003400
2024-05-11,60799.9900000000,61515.0000000000,60487.0900000000,60825.9900000000,13374.5693600000,45.4891722500,0.4469183600,0.0041181000,10.6017561500,0.0000005400
2024-05-12,60825.9900000000,61888.0000000000,60610.0000000000,61483.9900000000,12753.1323600000,1381.9619505800,0.5236481300,0.0071049100,17.3547848300,0.0000008800
2024-05-13,61484.0000000000,63450.0000000000,60749.2100000000,62940.0800000000,32733.4183900000,172.7549460200,0.3805289400,0.0089677000,9.1104209500,0.0000004600
2024-05-14,62940.0900000000,63118.3600000000,61142.7700000000,61577.4900000000,29088.7204100000,1358.7449233300,0.3614767100,0.0085538500,14.1206061100,0.0000007200
2024-05-15,61577.4900000000,66444.1600000000,61319.4700000000,66206.5000000000,43559.7471900000,-6623.7772516200,0.3105327400,0.0014791400,49.3050447400,0.0000025000
2024-05-16,66206.5100000000,66752.0100000000,64602.7700000000,65235.2100000000,31106.3671000000,-490.1611268300,0.3467791200,0.0053560600,8.5122127000,0.0000004300
2024-05-17,65235.2100000000,67451.2000000000,65106.3800000000,67024.0000000000,26292.2340900000,-1842.5226103300,0.3904273900,0.0012480700,9.5693804400,0.0000004900
2024-05-18,67024.0000000000,67400.0100000000,66600.0000000000,66915.2000000000,14441.2577400000,-41.4166990700,0.3447488800,0.0033277400,6.2488239600,0.0000003200
2024-05-19,66915.2000000000,67700.0000000000,65857.2500000000,66274.0100000000,18025.3040900000,685.5222630400,0.4698343000,0.0064124500,8.9320207700,0.0000004500
2024-05-20,66274.0000000000,71515.5600000000,66060.3100000000,71446.6200000000,50816.7011000000,-2458.4369345500,0.3200543000,0.0041860000,11.7060154300,0.0000005900
2024-05-21,71446.6200000000,71979.0000000000,69162.9400000000,70148.3400000000,49607.4336000000,7444.8715584100,0.2861698700,0.0121961100,11.0935969100,0.0000005600
2024-05-22,70148.3400000000,70666.0000000000,68842.1900000000,69166.6200000000,27673.1802600000,-3335.1989729100,0.3015649700,0.0111787800,22.7898186100,0.0000011600
2024-05-23,69166.6200000000,70096.1200000000,66312.1600000000,67969.6500000000,40513.1737400000,3414.1946207200,0.3751401800,0.0101362500,18.8275667500,0.0000009600
2024-05-24,67969.6600000000,69250.0000000000,66600.1200000000,68549.9900000000,28095.8366400000,-1426.1997412700,0.4029726600,0.0100000000,13.8055819900,0.0000007000
2024-05-25,68549.9900000000,69610.0000000000,68500.0000000000,69290.5700000000,12130.3941800000,-134.9064498100,0.4330202600,0.0100000000,7.0453335100,0.0000003600
2024-05-26,69290.5600000000,69562.2300000000,68128.0100000000,68507.6700000000,11872.1179700000,-165.1110135200,0.4677186800,0.0100000000,13.2541704200,0.0000006700
2024-05-27,68507.6700000000,70687.5600000000,68250.0000000000,69436.4300000000,23136.9273700000,1058.0549224700,0.4613373200,0.0119415900,18.5003785400,0.0000009400
2024-05-28,69436.4300000000,69591.8100000000,67277.9100000000,68398.3900000000,32622.9704200000,1153.9033470200,0.4565419200,0.0100000000,502.9711767400,0.0000255300
2024-05-29,68398.4000000000,68935.6800000000,67124.6500000000,67652.4200000000,23159.8314900000,3406.8130138400,0.5631764400,0.0117949300,9.1183782700,0.0000004600
2024-05-30,67652.4100000000,69500.0000000000,67128.0000000000,68352.1700000000,28478.2184000000,-2096.5888094700,0.3941887400,0.0104369900,12.3456873100,0.0000006300
2024-05-31,68352.1700000000,69044.1000000000,66670.0000000000,67540.0100000000,26690.3218400000,1031.4252991900,0.3828638800,0.0109273700,7.3971396600,0.0000003800
2024-06-01,67540.0100000000,67900.0000000000,67428.4400000000,67766.8500000000,8837.6613300000,729.2248527500,0.4155329500,0.0109210900,9.4054077500,0.0000004800
2024-06-02,67766.8400000000,68460.0000000000,67257.4700000000,67765.6300000000,15426.3252900000,-1179.9730252600,0.5351302100,0.0103354100,8.0879474300,0.0000004100
2024-06-03,67765.6200000000,70288.0000000000,67612.4800000000,68809.9000000000,29633.3740000000,-2347.8698346900,0.3419023600,0.0115231500,18.0850888100,0.0000009200
2024-06-04,68809.8900000000,71063.4500000000,68567.3200000000,70537.8400000000,29619.7848900000,-3268.3188009800,0.3294496900,0.0102304100,10.8823719500,0.0000005500
2024-06-05,70537.8300000000,71758.0000000000,70383.6600000000,71108.0000000000,28703.1808200000,-2204.2315032800,0.2806316900,0.0132332200,10.5520119500,0.0000005400
2024-06-06,71108.0000000000,71700.0000000000,70117.6400000000,70799.0600000000,21842.0044900000,1539.7830112800,0.3711092900,0.0120633600,24.6050406200,0.0000012500
2024-06-07,70799.0600000000,71997.0200000000,68420.0000000000,69355.6000000000,35598.4504500000,-3270.0571743700,0.5773036700,0.0102113500,11.2000475500,0.0000005700
2024-06-08,69355.6000000000,69582.2000000000,69168.0200000000,69310.4600000000,9773.8296700000,7243.3092666900,0.4174365400,0.0100000000,11.1074815400,0.0000005600
2024-06-09,69310.4600000000,69857.1400000000,69130.2400000000,69648.1400000000,9890.5670900000,1313.4895358800,0.3983808800,0.0100000000,10.8352471500,0.0000005500
2024-06-10,69648.1500000000,70195.9400000000,69172.2900000000,69540.0000000000,17122.6694100000,1197.2604356700,0.3162146200,0.0100000000,9.3098279300,0.0000004700
2024-06-11,69540.0000000000,69590.0100000000,66051.0000000000,67314.2400000000,41436.0158800000,2205.5303023300,0.4401682100,0.0100000000,55.8030418500,0.0000028300
2024-06-12,67314.2300000000,69999.0000000000,66905.0000000000,68263.9900000000,37175.3235600000,112.6678641400,0.4361809500,0.0100000000,15.7768750600,0.0000008000
2024-06-13,68263.9800000000,68449.3000000000,66251.7800000000,66773.0100000000,29079.5557100000,-1067.8851181600,0.4569701100,0.0100000000,7.5977102100,0.0000003900
2024-06-14,66773.0100000000,67370.2400000000,65078.0000000000,66043.9900000000,28408.1879700000,2989.4888025900,0.3602383700,0.0100000000,9.2920359700,0.0000004700
2024-06-15,66043.9900000000,66478.4800000000,65857.1000000000,66228.2500000000,11451.8024200000,1760.8070939300,0.4221695100,0.0100000000,20.8706007000,0.0000010600
2024-06-16,66228.2500000000,66998.7000000000,66034.5000000000,66676.8700000000,9392.5222300000,-39.2349073400,0.4727823100,0.0100000000,5.4356338900,0.0000002800
2024-06-17,66676.8600000000,67298.8100000000,65130.0000000000,66504.3300000000,27386.1685100000,1297.4798032300,0.4578627900,0.0100000000,13.5615003300,0.0000006900
2024-06-18,66504.3300000000,66588.2300000000,64060.0000000000,65175.3200000000,42350.1024400000,370.1450620100,0.3629167600,0.0092125900,7.4356078400,0.0000003800
2024-06-19,65175.3200000000,65727.5400000000,64666.0000000000,64974.3700000000,20060.7957600000,-3604.6221879800,0.3980324800,0.0047088500,8.4523382800,0.0000004300
2024-06-20,64974.3700000000,66482.9400000000,64559.1500000000,64869.9900000000,24265.2903100000,683.8795676000,0.4411140100,0.0066015800,8.7482788300,0.0000004400
2024-06-21,64869.9900000000,65066.6600000000,63379.3500000000,64143.5600000000,25993.5644200000,946.7663627500,0.5070886600,0.0087497400,16.1788502800,0.0000008200
2024-06-22,64143.5600000000,64546.8100000000,63943.8200000000,64262.0100000000,7308.9554200000,404.8510679000,0.4040543100,0.0085835900,162.3217705400,0.0000082300
2024-06-23,64262.0100000000,64521.0000000000,63178.3200000000,63210.0100000000,8224.4544700000,74.2456840400,0.4735553300,0.0059856500,9.9824701500,0.0000005100
2024-06-24,63210.0100000000,63369.8000000000,58402.0000000000,60293.3000000000,52161.3541400000,5677.5477071000,0.4041633400,0.0095175500,20.3383130800,0.0000010300
2024-06-25,60293.3000000000,62420.0000000000,60257.0600000000,61806.0100000000,31189.2436100000,-1872.0879087600,0.4313299700,0.0068601000,11.4397064300,0.0000005800
2024-06-26,61806.0100000000,62487.8100000000,60712.0000000000,60864.9900000000,22485.6646300000,3508.5466686200,0.4596866600,0.0099035800,14.4504905000,0.0000007300
2024-06-27,60864.9800000000,62389.2200000000,60606.6300000000,61706.4700000000,18344.2863100000,3377.1741807800,0.5074832400,0.0100000000,36.8929065200,0.0000018700
2024-06-28,61706.4600000000,62225.3100000000,60063.0000000000,60427.8400000000,24821.1925500000,3234.3450605700,0.3875424400,0.0100000000,12.7292080300,0.0000006500
2024-06-29,60427.8400000000,61224.0000000000,60383.7700000000,60986.6800000000,11509.5590400000,1656.0254115800,0.3639790400,0.0100000000,5.5151968100,0.0000002800
2024-06-30,60986.6800000000,63058.7600000000,60712.2100000000,62772.0100000000,17326.3013600000,853.7722185000,0.4096245100,0.0100000000,10.1109063700,0.0000005100
2024-07-01,62772.0100000000,63861.7600000000,62497.2000000000,62899.9900000000,24547.1053800000,2685.5413062600,0.4527992000,0.0100000000,12.9699509100,0.0000006600
2024-07-02,62900.0000000000,63288.8300000000,61806.2800000000,62135.4700000000,18573.1187500000,2781.7730317600,0.4171559700,0.0100000000,9.1069677000,0.0000004600
2024-07-03,62135.4600000000,62285.9400000000,59400.0000000000,60208.5800000000,32160.1112700000,1144.4429269600,0.4242776900,0.0100000000,34.9809905200,0.0000017700
2024-07-04,60208.5700000000,60498.1900000000,56771.0000000000,57050.0100000000,54568.7727600000,3505.4828447600,0.4719439400,0.0100000000,17.3746038200,0.0000008800
2024-07-05,57050.0200000000,57546.0000000000,53485.9300000000,56628.7900000000,81348.2475600000,-1324.6421524700,0.3620939000,0.0067699800,43.5336723200,0.0000022100
2024-07-06,56628.7900000000,58475.0000000000,56018.0000000000,58230.1300000000,21651.3155800000,-926.6974976700,0.4432038900,0.0052677800,7.1310127700,0.0000003600
2024-07-07,58230.1300000000,58449.4600000000,55724.3700000000,55857.8100000000,19118.9391800000,-1137.4219740400,0.5626042700,0.0098942700,12.0364949000,0.0000006100
2024-07-08,55857.8100000000,58236.7300000000,54260.1600000000,56714.6200000000,48090.2049000000,2315.7970841200,0.4384734800,0.0089084100,6.0795326100,0.0000003100
2024-07-09,56714.6100000000,58296.0000000000,56289.4500000000,58050.0000000000,27732.2078800000,1630.2202388300,0.4610481100,0.0080483400,24.9559196000,0.0000012700
2024-07-10,58050.0000000000,59470.0000000000,57157.7900000000,57725.8500000000,24951.7379900000,-16.2063530100,0.3969145500,0.0089975300,19.0941715400,0.0000009700
2024-07-11,57725.8500000000,59650.0000000000,57050.0000000000,57339.8900000000,29761.0573500000,3036.7759532500,0.3712704000,0.0090316900,5.7186323200,0.0000002900
2024-07-12,57339.8900000000,58526.6800000000,56542.4700000000,57889.1000000000,23652.4569000000,-1036.9735740100,0.4875413500,0.0056975000,10.9585633400,0.0000005600
2024-07-13,57889.0900000000,59850.0000000000,57756.6300000000,59204.0200000000,15357.7451900000,1541.9128133300,0.5079000900,0.0080857600,6.5100522600,0.0000003300
2024-07-14,59204.0100000000,61420.6900000000,59194.0100000000,60797.9100000000,21178.3390700000,-707.8486341600,0.4113462500,0.0058687200,11.8393508700,0.0000006000
2024-07-15,60797.9100000000,64900.0000000000,60632.3000000000,64724.1400000000,38690.9782000000,-4881.8326385700,0.3451903100,0.0013888000,10.6969568100,0.0000005400
2024-07-16,64724.0600000000,65388.9700000000,62373.2400000000,65043.9900000000,42530.5291500000,-2410.7152381300,0.3130134900,0.0014898100,7.5396050800,0.0000003800
2024-07-17,65044.0000000000,66128.6300000000,63854.0000000000,64087.9900000000,29567.5295400000,1501.4103509600,0.3725282300,0.0023568500,12.0227248100,0.0000006100
2024-07-18,64087.9900000000,65133.3000000000,63238.4800000000,63987.9200000000,22568.7225000000,-479.3122812600,0.4289913100,0.0028226800,29.2189833500,0.0000014800
2024-07-19,63987.9200000000,67386.0000000000,63300.6700000000,66660.0000000000,35634.7273900000,-4566.7018210600,0.3297934800,0.0023545400,36.5330138000,0.0000018500
2024-07-20,66660.0100000000,67598.0000000000,66222.4600000000,67139.9600000000,14386.9243400000,-314.2632107100,0.4010216600,0.0007044000,6.1829194600,0.0000003100
2024-07-21,67139.9700000000,68366.6600000000,65777.0000000000,68165.3400000000,21819.1119100000,-1349.4243300400,0.5261292200,0.0007784900,6.7502952100,0.0000003400
2024-07-22,68165.3500000000,68474.5500000000,66559.9700000000,67532.0100000000,21451.0430300000,-641.4250855900,0.3858478700,0.0047933200,9.1003345800,0.0000004600
2024-07-23,67532.0000000000,67750.9800000000,65441.0800000000,65936.0100000000,31406.1531600000,4793.9877714200,0.4446643600,0.0051269500,61.2385522300,0.0000031000
2024-07-24,65936.0000000000,67102.0100000000,65111.0000000000,65376.0000000000,23082.5627700000,2275.0188149700,0.4458256300,0.0100000000,11.7814902800,0.0000006000
2024-07-25,65376.0100000000,66175.4900000000,63456.7000000000,65799.9500000000,35126.4293400000,8438.8899735400,0.5079587500,0.0100000000,23.7356943900,0.0000012000
2024-07-26,65799.9500000000,68200.0000000000,65722.6300000000,67907.9900000000,24244.3602300000,-1320.5524564400,0.3552840900,0.0071909500,10.5688798800,0.0000005400
2024-07-27,67908.0000000000,69399.9900000000,66650.0000000000,67896.5000000000,31710.2192100000,79.2345549900,0.4285537000,0.0084882200,14.5202236700,0.0000007400
2024-07-28,67896.4900000000,68318.4300000000,67066.6600000000,68249.8800000000,10868.6939400000,450.9284807100,0.4059482200,0.0069371200,12.7698125200,0.0000006500
2024-07-29,68249.8800000000,70079.9900000000,66428.0000000000,66784.6900000000,36467.2963300000,-1660.9274029500,0.4021480600,0.0073419200,17.8519331100,0.0000009000
2024-07-30,66784.6800000000,67000.0000000000,65302.6700000000,66188.0000000000,23132.2544100000,-2400.4538110400,0.3579502100,0.0050407400,51.1235364600,0.0000025900
2024-07-31,66188.0000000000,66849.2400000000,64530.0000000000,64628.0000000000,22625.4390500000,-982.5043480400,0.4135184300,0.0054990800,7.0563700800,0.0000003600
2024-08-01,64628.0100000000,65659.7800000000,62302.0000000000,65354.0200000000,35542.2685400000,2573.8643187700,0.4334186000,0.0093761700,17.7435123900,0.0000009000
2024-08-02,65354.0200000000,65596.1400000000,61230.0100000000,61498.3300000000,38820.4293700000,1825.4211165000,0.3760740800,0.0100000000,7.2727647800,0.0000003700
2024-08-03,61498.3400000000,62198.2200000000,59850.0000000000,60697.9900000000,28034.7156700000,1415.9494277500,0.4035948500,0.0089196600,15.6644342700,0.0000007900
2024-08-04,60697.9900000000,61117.6300000000,57122.7700000000,58161.0000000000,31616.5200300000,564.3989212700,0.3982220000,0.0091498900,11.2340183200,0.0000005700
2024-08-05,58161.0000000000,58305.5900000000,49000.0000000000,54018.8100000000,162065.5918600000,3530.3085656300,0.1823467600,0.0039362000,25.9530223500,0.0000013200
2024-08-06,54018.8200000000,57040.9900000000,53950.0000000000,56022.0100000000,55884.7767600000,-1734.9124556500,0.3398306900,-0.0007606500,5.9968134200,0.0000003000
2024-08-07,56022.0000000000,57736.0500000000,54558.6200000000,55134.1600000000,44269.3768400000,337.5451738100,0.4735407700,0.0002117000,18.1870419400,0.0000009200
2024-08-08,55133.7600000000,62745.1400000000,54730.0000000000,61685.9900000000,48349.5294900000,1256.5849921400,0.3730455600,0.0018782000,7.9799113100,0.0000004000
2024-08-09,61686.0000000000,61744.3700000000,59535.0000000000,60837.9900000000,30972.4801700000,621.1282940300,0.4375712400,0.0035836300,10.4982165400,0.0000005300
2024-08-10,60837.9900000000,61470.5800000000,60242.0000000000,60923.5100000000,9995.2062100000,803.7671241200,0.4654082800,-0.0012251700,30.8189573200,0.0000015600
2024-08-11,60923.5100000000,61858.0000000000,58286.7300000000,58712.5900000000,19189.8451200000,-209.7612375900,0.5937840400,0.0013258200,4.9323674900,0.0000002500
2024-08-12,58712.5900000000,60711.0900000000,57642.2100000000,59346.6400000000,37009.9174300000,2955.1726250200,0.3854115200,0.0044198200,8.7605715000,0.0000004400
2024-08-13,59346.6400000000,61578.1000000000,58392.8800000000,60587.1500000000,27858.9585100000,-1381.0213339900,0.4061697700,0.0005826800,7.9482621900,0.0000004000
2024-08-14,60587.1600000000,61800.0000000000,58433.1800000000,58683.3900000000,28422.7632600000,-1903.8827691600,0.3727249500,-0.0049670100,5.7526533700,0.0000002900
2024-08-15,58683.3900000000,59849.3800000000,56078.5400000000,57541.0600000000,37686.1762200000,-4797.9921206900,0.3797676900,-0.0037811900,10.6050323500,0.0000005400
2024-08-16,57541.0500000000,59817.7600000000,57098.6200000000,58874.6000000000,27610.8434400000,-3604.6621810800,0.4312367100,-0.0039217300,8.3123434300,0.0000004200
2024-08-17,58874.5900000000,59700.0000000000,58785.0500000000,59491.9900000000,7721.7293100000,942.9191318100,0.4073123500,0.0026239100,5.8351563400,0.0000003000
2024-08-18,59491.9900000000,60284.9900000000,58408.9200000000,58427.3500000000,13634.8571700000,474.6620841300,0.4734964600,-0.0013638600,7.2494585600,0.0000003700
2024-08-19,58427.3500000000,59617.6300000000,57787.3000000000,59438.5000000000,22809.3125100000,-330.4269981000,0.3576372500,-0.0049300400,8.8905997400,0.0000004500
2024-08-20,59438.5000000000,61400.0000000000,58548.2300000000,59013.8000000000,31477.4454800000,-397.1276352300,0.3685945400,-0.0014906100,8.8330967300,0.0000004500
2024-08-21,59013.8000000000,61820.9300000000,58783.4700000000,61156.0300000000,27983.6422000000,-3054.1469113600,0.3429093400,-0.0018008500,11.2737888300,0.0000005700
2024-08-22,61156.0300000000,61400.0000000000,59724.8700000000,60375.8400000000,21241.2058800000,-275.9379819100,0.3317075200,-0.0037184400,8.4264415600,0.0000004300
2024-08-23,60375.8300000000,64955.0000000000,60342.1400000000,64037.2400000000,38118.0708900000,-3825.5760780600,0.3001724100,-0.0021577100,10.4455318700,0.0000005300
2024-08-24,64037.2400000000,64494.5000000000,63531.0000000000,64157.0100000000,15857.1561600000,472.2808692100,0.3726545300,0.0022521000,6.6050285800,0.0000003300
2024-08-25,64157.0200000000,65000.0000000000,63773.2700000000,64220.0000000000,12305.4797700000,-952.3993375600,0.4395702500,0.0002503700,5.1241397200,0.0000002600
2024-08-26,64219.9900000000,64481.0000000000,62800.0000000000,62834.0000000000,19470.0527600000,516.2706304100,0.3976335500,0.0011818700,7.7193200000,0.0000003900
2024-08-27,62834.0000000000,63212.0000000000,58034.0100000000,59415.0000000000,35135.9417800000,805.4897492300,0.3892814000,0.0046755200,18.2862260700,0.0000009300
2024-08-28,59415.0000000000,60234.9800000000,57860.0000000000,59034.9000000000,36868.5427500000,1066.7884042600,0.3696032900,-0.0016501800,6.8208117100,0.0000003500
2024-08-29,59034.9000000000,61166.9900000000,58713.0900000000,59359.0100000000,27020.9074300000,-1988.2795174900,0.3648340000,0.0000038500,52.5996795500,0.0000026600
2024-08-30,59359.0000000000,59944.0700000000,57701.1000000000,59123.9900000000,28519.3219500000,495.5885932900,0.3428750400,0.0012690100,7.0058516800,0.0000003500
2024-08-31,59123.9900000000,59462.3800000000,58744.0000000000,58973.9900000000,8798.4090000000,2358.1910779500,0.5909438500,0.0027711800,17.8414096300,0.0000009000
2024-09-01,58974.0000000000,59076.5900000000,57201.0000000000,57301.8600000000,20705.1574100000,-111.9428846700,0.4508152700,-0.0017857100,2.8412877500,0.0000001400
2024-09-02,57301.7700000000,59425.6900000000,57128.0000000000,59132.1300000000,22895.0146100000,-524.6937145100,0.5748838900,0.0012342800,5.5503291000,0.0000002800
2024-09-03,59132.1200000000,59809.6500000000,57415.0000000000,57487.7300000000,22828.1844700000,1269.4487522100,0.5030534100,0.0036309500,8.6411518700,0.0000004400
2024-09-04,57487.7400000000,58519.0000000000,55606.0000000000,57970.9000000000,35560.8214600000,-815.9644484700,0.3811115700,0.0018608300,10.6448290700,0.0000005400
2024-09-05,57970.9000000000,58327.0700000000,55643.6500000000,56180.0000000000,27806.9141300000,2387.9889049100,0.4258574100,0.0042222700,7.5757069100,0.0000003800
2024-09-06,56180.0000000000,57008.0000000000,52550.0000000000,53962.9700000000,54447.7682600000,3469.9571313200,0.4053877800,0.0007616200,13.6013632200,0.0000006900
2024-09-07,53962.9700000000,54850.0000000000,53745.5400000000,54160.8600000000,16694.0477400000,-553.5943005500,0.4106382900,-0.0045428600,4.0767525100,0.0000002100
2024-09-08,54160.8600000000,55318.0000000000,53629.0100000000,54869.9500000000,16274.1477900000,-1100.0692137900,0.4380148000,-0.0049578000,3.4662030800,0.0000001800
2024-09-09,54869.9500000000,58088.0000000000,54591.9600000000,57042.0000000000,32384.5173700000,-3295.3466609300,0.4456326500,-0.0080795600,13.0992395600,0.0000006600
2024-09-10,57042.0100000000,58044.3600000000,56386.4000000000,57635.9900000000,23626.7812600000,-1736.5249079500,0.3374945200,-0.0033406900,7.3351183900,0.0000003700
2024-09-11,57635.9900000000,57981.7100000000,55545.1900000000,57338.0000000000,33026.5675700000,-1885.7168425200,0.4062718400,-0.0038140600,5.4455465700,0.0000002800
2024-09-12,57338.0000000000,58588.0000000000,57324.0000000000,58132.3200000000,31074.4063100000,-1485.8808841200,0.4119590000,-0.0021009300,5.9028449900,0.0000003000
2024-09-13,58132.3100000000,60625.0000000000,57632.6200000000,60498.0000000000,29825.2333300000,-4495.3568172300,0.5369794400,-0.0024663900,13.2343041500,0.0000006700
2024-09-14,60497.9900000000,60610.4500000000,59400.0000000000,59993.0300000000,12137.9090100000,-1438.3026625500,0.4357106700,-0.0017084800,4.5348650600,0.0000002300
2024-09-15,59993.0200000000,60395.8000000000,58691.0500000000,59132.0000000000,13757.9236100000,473.8603570900,0.5243913200,0.0010942400,7.6614596400,0.0000003900
2024-09-16,59132.0000000000,59210.7000000000,57493.3000000000,58213.9900000000,26477.5642000000,2459.4563411600,0.3807335400,0.0054579500,13.5654799600,0.0000006900
2024-09-17,58213.9900000000,61320.0000000000,57610.0100000000,60313.9900000000,33116.2587800000,-1235.2061761200,0.3658944200,0.0038681600,8.3576640500,0.0000004200
2024-09-18,60313.9900000000,61786.2400000000,59174.8000000000,61759.9900000000,36087.0246900000,273.2907510300,0.4742423300,0.0022675800,13.9620109500,0.0000007100
2024-09-19,61759.9800000000,63850.0000000000,61555.0000000000,62947.9900000000,34332.5260800000,-933.7751756400,0.3597206900,0.0041551600,9.3617311400,0.0000004700
2024-09-20,62948.0000000000,64133.3200000000,62350.0000000000,63201.0500000000,25466.3779400000,590.3745626600,0.3175503500,0.0044297000,14.3827698400,0.0000007300
2024-09-21,63201.0500000000,63559.9000000000,62758.0000000000,63348.9600000000,8375.3460800000,1505.6160566000,0.4175197500,0.0085689500,9.5781996200,0.0000004800
2024-09-22,63348.9700000000,64000.0000000000,62357.9300000000,63578.7600000000,14242.1989200000,653.6375335700,0.5142271100,0.0073482800,8.3559280900,0.0000004200
2024-09-23,63578.7600000000,64745.8800000000,62538.7500000000,63339.9900000000,24078.0528700000,2681.7748323400,0.3622354400,0.0043965100,14.9678739500,0.0000007600
2024-09-24,63339.9900000000,64688.0000000000,62700.0000000000,64262.7000000000,23185.0475900000,-4341.1503287600,0.4945788900,0.0014084000,8.4016323700,0.0000004300
2024-09-25,64262.7000000000,64817.9900000000,62947.0800000000,63152.0100000000,17813.1116800000,-1261.5716879800,0.4516499300,0.0014713900,15.0429618500,0.0000007600
2024-09-26,63152.0100000000,65839.0000000000,62670.0000000000,65173.9900000000,28373.3059300000,-1865.4196432000,0.4000791400,0.0069423400,19.2573042700,0.0000009700
2024-09-27,65173.9900000000,66498.0000000000,64819.9000000000,65769.9500000000,22048.8048700000,-2461.6776278000,0.3783464300,0.0051716600,10.4428835300,0.0000005300
2024-09-28,65769.9500000000,66260.0000000000,65422.2300000000,65858.0000000000,9127.2331600000,642.9862458200,0.3942886700,0.0053893900,10.3218566900,0.0000005200
2024-09-29,65858.0000000000,66076.1200000000,65432.0000000000,65602.0100000000,8337.7411100000,275.5946720700,0.5208514000,0.0048962300,6.8449243700,0.0000003500
2024-09-30,65602.0100000000,65618.8000000000,62856.3000000000,63327.5900000000,30011.0875200000,2538.6251728000,0.3206515600,0.0074851100,8.5593846700,0.0000004300
2024-10-01,63327.6000000000,64130.6300000000,60164.0000000000,60805.7800000000,43671.4810800000,5088.8610473800,0.4120750300,0.0092869900,5.6397231200,0.0000002900
2024-10-02,60804.9200000000,62390.3100000000,60000.0000000000,60649.2800000000,31534.7011800000,1346.0748005300,0.5328462700,0.0068861000,7.6800109300,0.0000003900
2024-10-03,60649.2700000000,61477.1900000000,59828.1100000000,60752.7100000000,26221.4347200000,1404.2023278900,0.3893332500,0.0061295000,8.8478812100,0.0000004500
2024-10-04,60752.7200000000,62484.8500000000,60459.9000000000,62086.0000000000,21294.6599400000,-932.5155990400,0.4387684200,0.0017398800,11.1543806700,0.0000005600
2024-10-05,62086.0000000000,62370.5600000000,61689.2600000000,62058.0000000000,7807.4614100000,-1160.5605078200,0.4460923900,0.0006847600,7.1910579100,0.0000003600
2024-10-06,62058.0100000000,62975.0000000000,61798.9700000000,62819.9100000000,8906.8617700000,-1448.9188417100,0.4957285700,0.0027990500,5.8725109700,0.0000003000
2024-10-07,62819.9100000000,64478.1900000000,62128.0000000000,62224.0000000000,25966.1852000000,-2727.7410132100,0.4031591100,0.0013873900,6.9555088700,0.0000003500
2024-10-08,62224.0100000000,63200.0000000000,61860.3100000000,62160.4900000000,19702.2237100000,1358.8074786400,0.3144491900,0.0066402300,77.7759616600,0.0000039400
2024-10-09,62160.5000000000,62543.7500000000,60301.0000000000,60636.0200000000,20011.1568400000,1932.8540881600,0.4286577900,0.0071918100,14.0119467400,0.0000007100
2024-10-10,60636.0100000000,61321.6800000000,58946.0000000000,60326.3900000000,23967.9248100000,1393.0017025600,0.4953621600,0.0046378500,13.4815968400,0.0000006800
2024-10-11,60326.4000000000,63417.5600000000,60087.6400000000,62540.0000000000,23641.3520900000,-4015.7084415800,0.4790818500,-0.0009535400,46.1211538900,0.0000023300
2024-10-12,62539.9900000000,63480.0000000000,62487.2300000000,63206.2200000000,10911.3011600000,-1583.0386981000,0.4011831600,0.0026906600,19.1211393700,0.0000009700
2024-10-13,63206.2300000000,63285.7200000000,62050.0000000000,62870.0200000000,11909.2199500000,-410.3378749300,0.4391948100,0.0030220000,17.6448339300,0.0000008900
2024-10-14,62870.0200000000,66500.0000000000,62457.8100000000,66083.9900000000,37669.9522200000,1028.6660811600,0.3051257400,0.0085831600,16.5465819000,0.0000008400
2024-10-15,66084.0000000000,67950.0000000000,64800.0100000000,67074.1400000000,43683.9542300000,-2590.4598699900,0.2832643000,0.0096403100,31.6331014500,0.0000016000
2024-10-16,67074.1400000000,68424.0000000000,66750.4900000000,67620.0100000000,29938.2554400000,-151.5818559500,0.4535619000,0.0096931900,11.9178943800,0.0000006000
2024-10-17,67620.0000000000,67939.4000000000,66666.0000000000,67421.7800000000,25328.2286100000,3309.3244723500,0.3159248500,0.0099550900,17.5040331600,0.0000008900
2024-10-18,67421.7800000000,69000.0000000000,67192.3600000000,68428.0000000000,28725.6350000000,-3150.3008307200,0.4079218800,0.0100000000,18.6951444700,0.0000009500
2024-10-19,68427.9900000000,68693.2600000000,68010.0000000000,68378.0000000000,8193.6673700000,618.9765638400,0.3609587500,0.0100000000,28.6308989500,0.0000014500
2024-10-20,68377.9900000000,69400.0000000000,68100.0000000000,69031.9900000000,12442.4737800000,-109.7561549800,0.4491429200,0.0100000000,51.5442042600,0.0000026100
2024-10-21,69032.0000000000,69519.5200000000,66840.6700000000,67377.5000000000,31374.4218400000,1853.5740076600,0.2930560100,0.0100000000,39.7915189100,0.0000020100
2024-10-22,67377.5000000000,67836.0100000000,66571.4200000000,67426.0000000000,24598.9626800000,1503.6973977600,0.5053683800,0.0100000000,11.4487165000,0.0000005800
2024-10-23,67426.0100000000,67472.8300000000,65260.0000000000,66668.6500000000,25530.2407000000,1821.6481844200,0.4521724600,0.0100000000,14.9285096700,0.0000007600
2024-10-24,66668.6500000000,68850.0000000000,66510.0000000000,68198.2800000000,22589.8387700000,-2119.5647771000,0.4833362500,0.0100000000,10.5959368100,0.0000005400
2024-10-25,68198.2700000000,68771.4900000000,65596.2900000000,66698.3300000000,34479.7112500000,-1040.3565002200,0.4175682500,0.0092964100,16.8478112700,0.0000008500
2024-10-26,66698.3200000000,67454.5500000000,66439.9000000000,67092.7600000000,11842.9077000000,870.9729620200,0.3959316800,0.0092603800,13.1205827800,0.0000006600
2024-10-27,67092.7600000000,68332.0500000000,66913.7300000000,68021.7000000000,8653.1959200000,1658.5475745100,0.6570374200,0.0097404400,14.6030157400,0.0000007400
2024-10-28,68021.6900000000,70270.0000000000,67618.0000000000,69962.2100000000,29046.7545900000,-1054.0303289400,0.3506179700,0.0098079400,13.8209234400,0.0000007000
2024-10-29,69962.2100000000,73620.1200000000,69760.0000000000,72736.4200000000,50128.6059400000,2959.3408613700,0.2994043200,0.0100000000,17.3807391400,0.0000008800
2024-10-30,72736.4100000000,72961.0000000000,71436.0000000000,72344.7400000000,26885.9905600000,-2097.7822215300,0.3283650200,0.0100000000,12.3969922400,0.0000006300
2024-10-31,72344.7500000000,72700.0000000000,69685.7600000000,70292.0100000000,29352.1029700000,3666.5271748100,0.4368722500,0.0100000000,12.6185805900,0.0000006400
2024-11-01,70292.0100000000,71632.9500000000,68820.1400000000,69496.0100000000,38301.8675500000,2915.9121003100,0.4791195000,0.0100000000,17.1166313700,0.0000008700
2024-11-02,69496.0000000000,69914.3700000000,69000.1400000000,69374.7400000000,10521.6724300000,-411.3357808100,0.4378442600,0.0100000000,22.0726950900,0.0000011200
2024-11-03,69374.7400000000,69391.0000000000,67478.7300000000,68775.9900000000,24995.7024300000,2410.4839094200,0.4798215600,0.0100000000,14.7914756000,0.0000007500
2024-11-04,68775.9900000000,69500.0000000000,66835.0000000000,67850.0100000000,29800.3918700000,3701.9889344300,0.3674054800,0.0100000000,16.2808551700,0.0000008200
2024-11-05,67850.0100000000,70577.9100000000,67476.6300000000,69372.0100000000,33355.0688800000,452.3466974400,0.3426732800,0.0099414400,15.1519889600,0.0000007700
2024-11-06,69372.0100000000,76400.0000000000,69298.0000000000,75571.9900000000,104126.9947870000,-9474.7335505100,0.1670362000,0.0099814800,47.2008957000,0.0000023900
2024-11-07,75571.9900000000,76849.9900000000,74416.0000000000,75857.8900000000,44869.4223450000,-4389.2821453600,0.2110056900,0.0100000000,14.7281029600,0.0000007400
2024-11-08,75857.8900000000,77199.9900000000,75555.0000000000,76509.7800000000,36521.0995830000,-6718.1368585600,0.3129543200,0.0100000000,20.6811126900,0.0000010500
2024-11-09,76509.7800000000,76900.0000000000,75714.6600000000,76677.4600000000,16942.0791500000,594.7446532200,0.3328458900,0.0100000000,8.8729823700,0.0000004500
2024-11-10,76677.4600000000,81500.0000000000,76492.0000000000,80370.0100000000,61830.1004350000,1909.9528430500,0.2576723500,0.0200514800,16.2827625500,0.0000008200
2024-11-11,80370.0100000000,89530.5400000000,80216.0100000000,88647.9900000000,82323.6657760000,-320.6542071200,0.2078832900,0.0161102000,23.3572365500,0.0000011800
2024-11-12,88648.0000000000,89940.0000000000,85072.0000000000,87952.0100000000,97299.8879110000,1921.3042990500,0.2806107800,0.0434325600,25.5743287700,0.0000012900
2024-11-13,87952.0000000000,93265.6400000000,86127.9900000000,90375.2000000000,86763.8541270000,-2180.3463290100,0.2847950000,0.0138557700,29.1522550600,0.0000014700
2024-11-14,90375.2100000000,91790.0000000000,86668.2100000000,87325.5900000000,56729.5108600000,2664.0928429900,0.2753851400,0.0100000000,51.9163055700,0.0000026200
2024-11-15,87325.5900000000,91850.0000000000,87073.3800000000,91032.0700000000,47927.9506800000,-530.3196773700,0.3198074300,0.0112910600,50.5810156800,0.0000025600
2024-11-16,91032.0800000000,91779.6600000000,90056.1700000000,90586.9200000000,22717.8768900000,1704.7584085600,0.3656313900,0.0119749300,19.5124046500,0.0000009900
2024-11-17,90587.9800000000,91449.9900000000,88722.0000000000,89855.9900000000,23867.5560900000,1413.4764691900,0.3024305700,0.0123521900,20.5223198100,0.0000010400
2024-11-18,89855.9800000000,92594.0000000000,89376.9000000000,90464.0800000000,46545.0344800000,621.9833385700,0.3785951900,0.0266984300,18.6047696300,0.0000009400
2024-11-19,90464.0700000000,93905.5100000000,90357.0000000000,92310.7900000000,43660.0468200000,-8807.9756902500,0.4128349600,0.0222506600,38.8759829400,0.0000019600
2024-11-20,92310.8000000000,94831.9700000000,91500.0000000000,94286.5600000000,42203.1987120000,-6786.8810603100,0.2740322200,0.0100000000,32.6591785200,0.0000016500
2024-11-21,94286.5600000000,98988.0000000000,94040.0000000000,98317.1200000000,69228.3604770000,-1916.7685989400,0.2228616000,0.0100000000,36.5189906500,0.0000018500
2024-11-22,98317.1200000000,99588.0100000000,97122.1100000000,98892.0000000000,46189.3092430000,-6162.6676041400,0.2389782600,0.0112200000,34.8150620800,0.0000017600
2024-11-23,98892.0000000000,98908.8500000000,97136.0000000000,97672.4000000000,24757.8436700000,1285.2399553000,0.3416341800,0.0100000000,26.0960968500,0.0000013200
2024-11-24,97672.4000000000,98564.0000000000,95734.7700000000,97900.0400000000,31200.9783800000,686.8482665900,0.3502186600,0.0206971400,19.8588715600,0.0000010000
2024-11-25,97900.0500000000,98871.8000000000,92600.1900000000,93010.0100000000,50847.4509600000,2830.3376746400,0.3800763500,0.0170292800,26.5552991300,0.0000013400
2024-11-26,93010.0100000000,94973.3700000000,90791.1000000000,91965.1600000000,57858.7313800000,2711.4582221000,0.3745343600,0.0270823400,41.9189344800,0.0000021200
2024-11-27,91965.1600000000,97208.2100000000,91792.1400000000,95863.1100000000,41153.4273400000,-6010.3205917800,0.5116506300,0.0156800900,39.0504180500,0.0000019700
2024-11-28,95863.1100000000,96564.0000000000,94640.0000000000,95643.9800000000,28814.5435700000,-814.4480169400,0.3669620400,0.0147072100,45.3159154100,0.0000022900
2024-11-29,95643.9900000000,98619.9900000000,95364.9900000000,97460.0000000000,27701.7823100000,-3321.8960904500,0.3862939100,0.0158424900,19.2992030300,0.0000009800
2024-11-30,97460.0000000000,97463.9500000000,96092.0100000000,96407.9900000000,14503.8330600000,-251.4416751900,0.4660019900,0.0141735800,14.3820093400,0.0000007300
2024-12-01,96407.9900000000,97836.0000000000,95693.8800000000,97185.1800000000,16938.6045200000,-632.3685221500,0.5047560200,0.0168471300,17.8501091200,0.0000009000
2024-12-02,97185.1700000000,98130.0000000000,94395.0000000000,95840.6200000000,37958.6698100000,362.9625642800,0.3213750500,0.0200232500,33.1262344400,0.0000016700
2024-12-03,95840.6100000000,96305.5200000000,93578.1700000000,95849.6900000000,35827.3228300000,2540.4339111000,0.3869521400,0.0191243100,49.6183297100,0.0000025100
2024-12-04,95849.6900000000,99000.0000000000,94587.8300000000,98587.3200000000,43850.5372800000,-4340.2468381400,0.2462816300,0.0252370000,20.1048387700,0.0000010200
2024-12-05,98587.3200000000,104088.0000000000,90500.0000000000,96945.6300000000,109921.7296620000,281.3783846300,0.2198855900,0.0481662600,41.5427070000,0.0000021000
2024-12-06,96945.6300000000,101898.9900000000,95981.7200000000,99740.8400000000,45049.5331000000,-226.2119763600,0.3752021900,0.0161843900,44.3703354700,0.0000022400
2024-12-07,99740.8400000000,100439.1800000000,98844.0000000000,99831.9900000000,14931.9459000000,2392.3784498300,0.4863419000,0.0177363600,19.2578893300,0.0000009700
2024-12-08,99831.9900000000,101351.0000000000,98657.7000000000,101109.5900000000,14612.9968800000,395.8536132000,0.3845061000,0.0182817100,20.4734273400,0.0000010300
2024-12-09,101109.6000000000,101215.9300000000,94150.0500000000,97276.4700000000,53949.1159500000,-2307.6044632500,0.3740257500,0.0177335200,46.9438496800,0.0000023700
2024-12-10,97276.4800000000,98270.0000000000,94256.5400000000,96593.0000000000,51708.6893300000,-649.8529028500,0.3824120500,0.0100000000,17.4950844500,0.0000008800
2024-12-11,96593.0000000000,101888.0000000000,95658.2400000000,101125.0000000000,37753.7829100000,-3284.3901984600,0.4117600600,0.0100000000,38.5652331600,0.0000019500
2024-12-12,101125.0000000000,102540.0000000000,99311.6400000000,100004.2900000000,29232.0874500000,-2385.9411639500,0.2965639900,0.0100000000,15.5789682500,0.0000007900
2024-12-13,100004.2900000000,101895.2600000000,99205.0000000000,101424.2500000000,21904.0392300000,-5503.9082523500,0.3655556600,0.0096068600,25.8318378900,0.0000013000
2024-12-14,101424.2400000000,102650.0000000000,100609.4100000000,101420.0000000000,14191.7032600000,577.2062092000,0.3775874800,0.0098463200,21.6772624300,0.0000011000
2024-12-15,101420.0000000000,105250.0000000000,101237.1400000000,104463.9900000000,22228.9217750000,1440.7225639700,0.4334471800,0.0092995600,24.8022455700,0.0000012500
2024-12-16,104463.9900000000,107793.0700000000,103333.0000000000,106058.6600000000,41302.4027400000,-5813.0321055700,0.3233524600,0.0096297500,30.9255763200,0.0000015600
2024-12-17,106058.6500000000,108353.0000000000,105321.4900000000,106133.7400000000,29064.9364660000,-1000.0176578600,0.3201702100,0.0097851900,33.1901762700,0.0000016800
2024-12-18,106133.7400000000,106524.9800000000,100000.0000000000,100204.0100000000,50307.9975500000,281.8449832700,0.3921960000,0.0097181400,37.5123278700,0.0000018900
2024-12-19,100204.0100000000,102800.1100000000,95700.0000000000,97461.8600000000,55147.3980000000,5279.5642134900,0.4522428000,0.0100000000,50.9154941900,0.0000025700
2024-12-20,97461.8600000000,98233.0000000000,92232.5400000000,97805.4400000000,62884.1357000000,3932.1034220300,0.3279137500,0.0100000000,35.8169029200,0.0000018100
2024-12-21,97805.4400000000,99540.6100000000,96398.3900000000,97291.9900000000,23483.5414300000,-408.8767643200,0.3938144000,0.0076791200,13.5718766800,0.0000006900
2024-12-22,97292.0000000000,97448.0800000000,94250.3500000000,95186.2700000000,19353.8303600000,1551.3228633200,0.4311693000,0.0096475400,28.1748484000,0.0000014200
2024-12-23,95186.2800000000,96538.9200000000,92520.0000000000,94881.4700000000,32810.7670300000,2434.8032183400,0.4321105000,0.0094566200,45.0574997700,0.0000022800
2024-12-24,94881.4700000000,99487.9900000000,93569.0200000000,98663.5800000000,23674.2248800000,-477.5543320500,0.4253383600,0.0099253900,66.9127447000,0.0000033800
2024-12-25,98663.5800000000,99569.1500000000,97632.0200000000,99429.6000000000,14474.1651000000,236.4892999300,0.4336858700,0.0099998500,12.2899892600,0.0000006200
2024-12-26,99429.6100000000,99963.7000000000,95199.1400000000,95791.6000000000,21192.3672700000,342.6872371900,0.4194553500,0.0074402900,21.0403399700,0.0000010600
2024-12-27,95791.6000000000,97544.5800000000,93500.0100000000,94299.0300000000,26501.2642900000,1513.4760957600,0.4218843500,0.0100000000,43.2287843700,0.0000021800
2024-12-28,94299.0300000000,95733.9900000000,94135.6600000000,95300.0000000000,8385.8929000000,-1347.5034563900,0.5126704200,0.0078225600,20.5735655200,0.0000010400
2024-12-29,95300.0000000000,95340.0000000000,93009.5200000000,93738.2000000000,13576.0057800000,-1826.5953044400,0.4465161900,0.0071497600,43.8975636000,0.0000022200
2024-12-30,93738.1900000000,95024.5000000000,91530.4500000000,92792.0500000000,27619.4225000000,2985.8671294300,0.4689056200,0.0085086800,44.1217003100,0.0000022300
2024-12-31,92792.0500000000,96250.0000000000,92033.7300000000,93576.0000000000,19612.0338900000,-1270.0254502200,0.4354097600,0.0100000000,43.8661764600,0.0000022200
2025-01-01,93576.0000000000,95151.1500000000,92888.0000000000,94591.7900000000,10373.3261300000,2852.0303300800,0.6080900700,0.0100000000,44.9194508300,0.0000022700
2025-01-02,94591.7800000000,97839.5000000000,94392.0000000000,96984.7900000000,21970.4894800000,-1849.5547201300,0.4620411500,0.0100000000,17.4363431800,0.0000008800
2025-01-03,96984.7900000000,98976.9100000000,96100.0100000000,98174.1800000000,15253.8293600000,-2357.1387796500,0.4416650200,0.0083861600,9.3080378400,0.0000004700
2025-01-04,98174.1700000000,98778.4300000000,97514.7900000000,98220.5000000000,8990.0565100000,-99.4473675000,0.4257546700,0.0078718500,11.6725584700,0.0000005900
2025-01-05,98220.5100000000,98836.8500000000,97276.7900000000,98363.6100000000,8095.6372300000,-123.2395966900,0.5418507200,0.0095415900,9.8479131200,0.0000005000
2025-01-06,98363.6100000000,102480.0000000000,97920.0000000000,102235.6000000000,25263.4337500000,-4588.1180875400,0.3503496300,0.0099073900,13.0146522100,0.0000006600
2025-01-07,102235.6000000000,102724.3800000000,96181.8100000000,96954.6100000000,32059.8753700000,-1028.0955773500,0.4535664100,0.0094099900,40.9391098700,0.0000020700
2025-01-08,96954.6000000000,97268.6500000000,92500.9000000000,95060.6100000000,33704.6789400000,605.8049969200,0.4309932300,0.0100000000,12.6348771000,0.0000006400
2025-01-09,95060.6100000000,95382.3200000000,91203.6700000000,92552.4900000000,34544.8368500000,-336.8516143300,0.4470475600,0.0053313600,9.4063443700,0.0000004700
2025-01-10,92552.4900000000,95836.0000000000,92206.0200000000,94726.1100000000,31482.8642400000,375.2209016100,0.5141688900,0.0036103600,10.6520798900,0.0000005400
2025-01-11,94726.1000000000,95050.9400000000,93831.7300000000,94599.9900000000,7047.9043000000,34.9806461700,0.5455070700,0.0055982200,12.0860592500,0.0000006100
2025-01-12,94599.9900000000,95450.1000000000,93711.1900000000,94545.0600000000,8606.8662200000,1925.6271165600,0.7564536300,0.0062447900,9.2611761800,0.0000004700
2025-01-13,94545.0700000000,95940.0000000000,89256.6900000000,94536.1000000000,42619.5642300000,-295.8737767700,0.3910516500,0.0025012800,10.3792262700,0.0000005200
2025-01-14,94536.1100000000,97371.0000000000,94346.2200000000,96560.8600000000,27846.6175300000,-1663.4407187700,0.3837310400,0.0086705500,8.8103732300,0.0000004400
2025-01-15,96560.8500000000,100681.9400000000,96500.0000000000,100497.3500000000,30509.9917900000,-2176.4051157800,0.3735834300,0.0054829000,23.4317209300,0.0000011800
2025-01-16,100497.3500000000,100866.6600000000,97335.1300000000,99987.3000000000,27832.8531700000,134.9472008400,0.4028269100,0.0062523200,12.9010416700,0.0000006500
2025-01-17,99987.3000000000,105865.2200000000,99950.7700000000,104077.4800000000,39171.8529200000,-3718.4312526600,0.2868466100,0.0054763200,15.4581592600,0.0000007800
2025-01-18,104077.4700000000,104988.8800000000,102277.5500000000,104556.2300000000,24307.8299800000,1094.5891270700,0.3538128600,0.0098894800,18.3434477700,0.0000009300
2025-01-19,104556.2300000000,106422.4300000000,99651.6000000000,101331.5700000000,43397.2829800000,2436.2782822900,0.3239867400,0.0100000000,14.0744380500,0.0000007100
2025-01-20,101331.5700000000,109588.0000000000,99550.0000000000,102260.0100000000,89520.7169420000,886.3557831700,0.2961310100,0.0100000000,15.0788902700,0.0000007600
2025-01-21,102260.0000000000,107240.8100000000,100119.0400000000,106143.8200000000,45941.0200200000,-1385.6914659800,0.4049615600,0.0100000000,20.0381550200,0.0000010100
2025-01-22,106143.8200000000,106394.4600000000,103339.1200000000,103706.6600000000,22248.6925400000,-100.8908811900,0.4102169200,0.0099073900,34.7288484600,0.0000017500
2025-01-23,103706.6600000000,106850.0000000000,101262.2800000000,103910.3400000000,53953.1203100000,-2066.0774809000,0.3956583200,0.0082195800,116.4031855100,0.0000058700
2025-01-24,103910.3500000000,107120.0000000000,102750.0000000000,104870.5000000000,23609.2401700000,-449.2769730000,0.4270975600,0.0061801400,11.5255632500,0.0000005800
2025-01-25,104870.5100000000,105286.5200000000,104106.0900000000,104746.8500000000,9068.3237700000,1383.7110711600,0.5532250700,0.0080568300,13.6856941300,0.0000006900
2025-01-26,104746.8600000000,105500.0000000000,102520.4400000000,102620.0000000000,9812.5123800000,52.9513861100,0.4561190900,0.0097427800,11.9505403900,0.0000006000
2025-01-27,102620.0100000000,103260.0000000000,97777.7700000000,102082.8300000000,50758.1341000000,-90.0358319100,0.3304555600,0.0038968900,17.5537966200,0.0000008900
2025-01-28,102082.8300000000,103800.0000000000,100272.6800000000,101335.5200000000,22022.0576500000,-809.8054013600,0.3961484500,0.0074180700,17.1801376900,0.0000008700
2025-01-29,101335.5200000000,104782.6800000000,101328.0100000000,103733.2400000000,23155.3580200000,891.7334455700,0.3929146800,0.0097704800,9.3494656100,0.0000004700
2025-01-30,103733.2500000000,106457.4400000000,103278.5400000000,104722.9400000000,19374.0747200000,-1677.0314888700,0.3489858400,0.0075924700,11.5633747700,0.0000005800
2025-01-31,104722.9400000000,106012.0000000000,101560.0000000000,102429.5600000000,21983.1819300000,1300.2956159100,0.5152987200,0.0088176800,10.5756001700,0.0000005300
2025-02-01,102429.5600000000,102783.7100000000,100279.5100000000,100635.6500000000,12290.9574700000,-1742.5011545200,0.6082702500,0.0061909400,14.5510992200,0.0000007300
2025-02-02,100635.6600000000,101456.6000000000,96150.0000000000,97700.5900000000,34619.4993900000,2553.3354896200,0.4243629400,0.0042563300,11.3608687800,0.0000005700
2025-02-03,97700.5900000000,102500.0100000000,91231.0000000000,101328.5200000000,75164.7385000000,563.3761007400,0.2856955300,0.0070104500,15.1064141500,0.0000007600
2025-02-04,101328.5100000000,101732.3100000000,96150.0000000000,97763.1300000000,40267.9869700000,-626.3782569400,0.4399362200,0.0054299100,35.5779335100,0.0000018000
2025-02-05,97763.1400000000,99149.0000000000,96155.0000000000,96612.4300000000,26233.3044400000,-1355.3166692500,0.4670320900,0.0011696500,51.4686008500,0.0000026000
2025-02-06,96612.4400000000,99120.0000000000,95676.6400000000,96554.3500000000,23515.2040500000,-598.5798625100,0.5568244800,0.0036561400,37.8877233000,0.0000019100
2025-02-07,96554.3500000000,100137.9900000000,95620.3400000000,96506.8000000000,31794.2206500000,-286.3365231000,0.4181858200,0.0046322400,14.1413683700,0.0000007100
2025-02-08,96506.8000000000,96880.0000000000,95688.0000000000,96444.7400000000,10147.2429400000,1000.7522426400,0.5367863600,0.0009962800,13.0920509200,0.0000006600
2025-02-09,96444.7500000000,97323.0900000000,94713.0000000000,96462.7500000000,14120.9161300000,272.7092714000,0.4757930200,0.0054167300,104.0952897600,0.0000052500
2025-02-10,96462.7500000000,98345.0000000000,95256.0000000000,97430.8200000000,20572.8753700000,-1192.9679162300,0.5282519200,0.0074194300,13.6290815500,0.0000006900
2025-02-11,97430.8200000000,98478.4200000000,94876.8800000000,95778.2000000000,18647.7637900000,1185.1510128500,0.4184573800,0.0033352200,40.3759523900,0.0000020400
2025-02-12,95778.2100000000,98119.9900000000,94088.2300000000,97869.9900000000,29151.1662500000,-89.0414887800,0.4404379200,0.0064981200,13.8563030400,0.0000007000
2025-02-13,97870.0000000000,98083.9100000000,95217.3600000000,96608.1400000000,19921.7761600000,2136.3171909300,0.5068614000,0.0040479900,10.1575219600,0.0000005100
2025-02-14,96608.1300000000,98826.0000000000,96252.8200000000,97500.4800000000,18173.0264600000,-2289.3488673700,0.4690174300,0.0053090800,13.2995682700,0.0000006700
2025-02-15,97500.4700000000,97972.2600000000,97223.5800000000,97569.6600000000,7349.3768300000,-109.9812264600,0.5075985100,0.0033431100,8.3567011400,0.0000004200
2025-02-16,97569.6700000000,97704.4700000000,96046.1800000000,96118.1200000000,8191.4249000000,-34.3733992400,0.6205802600,0.0024217000,5.9697717400,0.0000003000
2025-02-17,96118.1200000000,97046.5900000000,95205.0000000000,95780.0000000000,16492.0451000000,1231.9505212400,0.5440393300,0.0051814400,9.3615489900,0.0000004700
2025-02-18,95780.0100000000,96753.9100000000,93388.0900000000,95671.7400000000,23368.1947100000,1464.9608953900,0.4908754200,0.0085300400,13.4105954200,0.0000006800
2025-02-19,95671.7400000000,96899.9900000000,95029.9900000000,96644.3700000000,16438.5095400000,226.5437733000,0.4626523600,0.0071925800,7.9643761800,0.0000004000
2025-02-20,96644.3700000000,98711.3600000000,96415.0900000000,98305.0000000000,17057.3917700000,-3089.3606310200,0.4071363500,0.0045705400,8.6648472100,0.0000004400
2025-02-21,98305.0100000000,99475.0000000000,94871.9500000000,96181.9800000000,32249.2814000000,3926.1136353500,0.4459114100,0.0031655500,9.8055772500,0.0000004900
2025-02-22,96181.9900000000,96980.0000000000,95770.4900000000,96551.0100000000,11268.1770800000,2320.8387571400,0.3750174200,0.0061244600,7.3253781500,0.0000003700
2025-02-23,96551.0100000000,96650.0000000000,95227.9400000000,96258.0000000000,10884.8491300000,358.0944385800,0.5659700200,0.0008994100,6.5534138500,0.0000003300
2025-02-24,96258.0000000000,96500.0000000000,91349.2600000000,91552.8800000000,31550.1029900000,35.6355466400,0.4574746200,0.0048754000,10.4640397400,0.0000005300
2025-02-25,91552.8800000000,92540.6900000000,86050.9900000000,88680.4000000000,78333.1111100000,9143.4691971800,0.2523450100,0.0047956100,20.3652645900,0.0000010300
2025-02-26,88680.3900000000,89414.1500000000,82256.0100000000,84250.0900000000,56893.5440900000,2657.6712730100,0.4637203500,0.0068027700,19.9534635400,0.0000010100
2025-02-27,84250.0900000000,87078.4600000000,82716.4900000000,84708.5800000000,42505.4543900000,-887.2331071700,0.3299146600,0.0053436100,15.4219965700,0.0000007800
2025-02-28,84708.5700000000,85120.0000000000,78258.5200000000,84349.9400000000,83648.0396900000,-540.4199470600,0.2242293700,0.0045453500,16.0049952300,0.0000008100
2025-03-01,84349.9500000000,86558.0000000000,83824.7800000000,86064.5300000000,25785.0546400000,-971.2321760400,0.4021306800,-0.0022508400,7.6753029900,0.0000003900
2025-03-02,86064.5400000000,95000.0000000000,85050.6000000000,94270.0000000000,54889.0904500000,-5411.2091748200,0.4759512700,-0.0050236000,9.6496702600,0.0000004900
2025-03-03,94269.9900000000,94416.4600000000,85117.1100000000,86220.6100000000,59171.1021800000,1770.7906866700,0.4642535200,0.0027567500,18.8662614600,0.0000009500
2025-03-04,86221.1600000000,88967.5200000000,81500.0000000000,87281.9800000000,55609.1070600000,-668.1627789800,0.3116761400,0.0009022000,13.7068741400,0.0000006900
2025-03-05,87281.9800000000,91000.0000000000,86334.5300000000,90606.0100000000,38264.0116300000,-26.8010688600,0.2879054600,0.0039240500,11.0147658100,0.0000005600
2025-03-06,90606.0000000000,92810.6400000000,87836.0000000000,89931.8900000000,34342.4490200000,-260.9950730200,0.3687895500,0.0053000700,22.3748640300,0.0000011300
2025-03-07,89931.8800000000,91283.0200000000,84667.0300000000,86801.7500000000,57980.3571300000,1839.0172349000,0.3604944400,0.0021182000,15.6362688100,0.0000007900
2025-03-08,86801.7400000000,86897.2500000000,85218.4700000000,86222.4500000000,12989.2305400000,-514.4357880600,0.5764160400,0.0010190400,5.0417325900,0.0000002500
2025-03-09,86222.4600000000,86500.0000000000,80000.0000000000,80734.3700000000,26115.3934500000,-18.4164174200,0.3071578000,0.0047360600,8.6336724000,0.0000004400
2025-03-10,80734.4800000000,84123.4600000000,77459.9100000000,78595.8600000000,47633.3840500000,3199.3916761200,0.3751277500,0.0020907000,32.4941727500,0.0000016400
2025-03-11,78595.8600000000,83617.4000000000,76606.0000000000,82932.9900000000,48770.0685300000,728.8170706200,0.3339488500,0.0041348200,20.3899821700,0.0000010300
2025-03-12,82932.9900000000,84539.8500000000,80607.6500000000,83680.1200000000,31933.9860000000,515.9855985200,0.3528461600,0.0023812100,21.8146925500,0.0000011000
2025-03-13,83680.1200000000,84336.3300000000,79939.9000000000,81115.7800000000,27546.2741200000,1573.2024294200,0.5044632400,0.0041805000,17.0968283500,0.0000008600
2025-03-14,81115.7800000000,85309.7100000000,80818.8400000000,83983.2000000000,26858.5275500000,-2218.9848174500,0.3837044200,0.0014517500,21.6126081300,0.0000010900
2025-03-15,83983.1900000000,84676.2800000000,83618.0000000000,84338.4400000000,11324.7332000000,-592.1529317200,0.3347085100,-0.0018951800,4.8923078600,0.0000002500
2025-03-16,84338.4400000000,85117.0400000000,81981.1200000000,82574.5300000000,17596.1253100000,237.8528866900,0.4379001800,0.0027063900,9.4636245200,0.0000004800
2025-03-17,82574.5200000000,84756.8300000000,82456.0000000000,84010.0300000000,17214.7435800000,-682.6080273000,0.4370182000,0.0045639100,12.8646415900,0.0000006500
2025-03-18,84010.0200000000,84021.7400000000,81134.6600000000,82715.0300000000,17610.8988300000,412.0712931900,0.3869025600,0.0019546700,11.1628280400,0.0000005600
2025-03-19,82715.0300000000,87000.0000000000,82547.1600000000,86845.9400000000,28151.0537400000,-4146.6780411900,0.3771481700,0.0039158500,14.5173043100,0.0000007300
2025-03-20,86845.9300000000,87453.6700000000,83655.2300000000,84223.3900000000,22090.3046300000,1155.8575648600,0.5315800300,0.0031423600,26.4087561400,0.0000013300
2025-03-21,84223.3800000000,84850.3300000000,83175.2500000000,84088.7900000000,11956.9744300000,-434.9099733500,0.4684471000,0.0043059300,8.6487760600,0.0000004400
2025-03-22,84088.7900000000,84539.1700000000,83625.1000000000,83840.5900000000,5420.2211400000,-447.7584853800,0.5565673400,0.0014683600,30.3786107000,0.0000015300
2025-03-23,83840.5900000000,86129.6400000000,83809.7500000000,86082.5000000000,8461.9781300000,-815.7755892800,0.4883231400,0.0006628400,8.7503620700,0.0000004400
2025-03-24,86082.5000000000,88765.4300000000,85519.0900000000,87498.1600000000,30115.6211100000,-8155.6864688200,0.3637325500,0.0004042100,10.6641882600,0.0000005400
2025-03-25,87498.1600000000,88539.6300000000,86310.0000000000,87392.8700000000,22643.2524800000,-4757.0153074300,0.5723734600,-0.0020225300,13.2052726700,0.0000006700
2025-03-26,87392.8800000000,88275.0000000000,85860.0000000000,86909.1700000000,18408.7848500000,-607.8273318900,0.5755743300,0.0007737300,14.7297455900,0.0000007400
2025-03-27,86909.1700000000,87756.3900000000,85800.0000000000,87232.0100000000,17098.0389700000,-784.7933948000,0.3225995300,0.0006485200,11.2697092900,0.0000005700
2025-03-28,87232.0100000000,87515.6700000000,83585.0000000000,84424.3800000000,27182.7316900000,4258.4527747600,0.5197585000,0.0047797200,40.9832100400,0.0000020700
2025-03-29,84424.3800000000,84624.7300000000,81644.8100000000,82648.5400000000,11696.3986400000,680.4034859300,0.3348173600,0.0044747300,6.8220767200,0.0000003400
2025-03-30,82648.5300000000,83534.6400000000,81565.0000000000,82389.9900000000,9864.4950800000,-26.1344947600,0.4581471600,0.0017100400,10.7647538900,0.0000005400
2025-03-31,82390.0000000000,83943.0800000000,81278.5200000000,82550.0100000000,20569.1388500000,1346.4679400300,0.4086928400,0.0038341400,13.5742465800,0.0000006800
2025-04-01,82550.0000000000,85579.4600000000,82432.7400000000,85158.3400000000,20190.3969700000,-658.6869344500,0.3995179900,0.0023411900,11.0322213400,0.0000005600
